Length,Diameter,Gram stain,Shape,Formation,Lab
0.9543616086021676,1.0476723822537222,Positive,Spherical-shaped,Groups,1
0.7784845573434557,0.5616908054743784,Positive,Spherical-shaped,Pairs,0
1.1075739105752733,0.9304707311155135,Positive,Spherical-shaped,Groups,0
0.6587586809114558,0.48288156732259724,Positive,Spherical-shaped,Pairs,0
0.9821775552363019,0.9815899213970792,Positive,Spherical-shaped,Groups,0
1.0314195096173147,0.9579310142806481,Positive,Spherical-shaped,Groups,1
0.5656019231427379,0.4396216943129644,Positive,Spherical-shaped,Pairs,2
0.9866692066927387,1.0508918430260867,Positive,Spherical-shaped,Groups,1
2.007361137923298,0.35948803750824976,Negative,Rod-shaped,Singles,0
0.9882429026083728,1.005565200735846,Positive,Spherical-shaped,Groups,0
2.048144728963873,0.37911229865080803,Negative,Rod-shaped,Singles,2
1.0482846978747702,1.0831117712253178,Positive,Spherical-shaped,Groups,0
1.0638627650028232,1.09193700415087,Positive,Spherical-shaped,Groups,0
0.5126949786717827,0.5226635758714613,Positive,Spherical-shaped,Pairs,1
1.0750812186549767,1.057109514102036,Positive,Spherical-shaped,Groups,1
1.1397247257961038,0.9150876704332388,Positive,Spherical-shaped,Groups,0
1.030720201437004,1.0352783544758801,Positive,Spherical-shaped,Groups,1
0.4703373316066527,0.5885707647073922,Positive,Spherical-shaped,Pairs,2
1.0241137002005605,0.9049781933631246,Positive,Spherical-shaped,Groups,1
0.4845503613571513,0.5745289744251967,Positive,Spherical-shaped,Pairs,0
1.0029551612056313,1.0413275006761524,Positive,Spherical-shaped,Groups,2
0.6542696503204818,0.5487898134766835,Positive,Spherical-shaped,Pairs,1
1.8775059600177484,0.3748320364278639,Negative,Rod-shaped,Singles,1
0.4267977889713718,0.5006672457202577,Positive,Spherical-shaped,Pairs,2
0.5539938367604462,0.4618957233939155,Positive,Spherical-shaped,Pairs,1
1.9625742428226056,0.3561723421419631,Negative,Rod-shaped,Singles,1
1.0345693873148558,1.024359748872698,Positive,Spherical-shaped,Groups,0
1.1455886269011728,1.0734128579236242,Positive,Spherical-shaped,Groups,2
1.8378538251912762,0.23197457440236322,Negative,Rod-shaped,Singles,2
1.0141564900656723,1.070280892083471,Positive,Spherical-shaped,Groups,1
2.105339870501278,0.21626926075791236,Negative,Rod-shaped,Singles,0
1.1158799439350657,1.033914350847461,Positive,Spherical-shaped,Groups,0
0.4523263628086405,0.48230193271092947,Positive,Spherical-shaped,Pairs,2
0.5727337179391894,0.549223961219705,Positive,Spherical-shaped,Pairs,1
0.7196988320931361,0.5154221989649779,Positive,Spherical-shaped,Pairs,2
0.9972825549769464,1.0161013018300658,Positive,Spherical-shaped,Groups,2
2.1117737649487593,0.2157832013324834,Negative,Rod-shaped,Singles,0
1.8085754263896212,0.24081405756428464,Negative,Rod-shaped,Singles,0
1.1505595634013992,0.9462310751718318,Positive,Spherical-shaped,Groups,2
0.9000062302451531,0.9584168764296479,Positive,Spherical-shaped,Groups,2
1.9508341172983763,0.33779893006957895,Negative,Rod-shaped,Singles,2
0.9529574327645686,1.0751031500562294,Positive,Spherical-shaped,Groups,2
0.9582054107293199,0.9038064749250582,Positive,Spherical-shaped,Groups,2
2.0917174073499147,0.3996383952235401,Negative,Rod-shaped,Singles,0
0.6182193143462331,0.5016467140301222,Positive,Spherical-shaped,Pairs,0
1.9779044493817883,0.3802594341598569,Negative,Rod-shaped,Singles,2
1.9591930277570522,0.2941599789054523,Negative,Rod-shaped,Singles,0
1.0125165306170965,0.9148564915567584,Positive,Spherical-shaped,Groups,1
1.8611361455387565,0.24313620525729487,Negative,Rod-shaped,Singles,1
2.1803678661378583,0.2619677263938287,Negative,Rod-shaped,Singles,1
1.883963518656489,0.2009005260122734,Negative,Rod-shaped,Singles,1
1.8731592370055592,0.23401423524068832,Negative,Rod-shaped,Singles,1
2.8037931331586403,0.14870869211967594,Negative,Spherical-shaped,Singles,0
1.8336514020496633,0.393085071874349,Negative,Rod-shaped,Singles,2
0.534881150494658,0.5825531534932841,Positive,Spherical-shaped,Pairs,0
0.7209642509207279,0.4568566839833976,Positive,Spherical-shaped,Pairs,2
1.835250242147947,0.28395730986735657,Negative,Rod-shaped,Singles,0
1.856791902867354,0.2858923288715649,Negative,Rod-shaped,Singles,0
1.9675213193092769,0.23181169421042006,Positive,Rod-shaped,Pairs,2
1.1617050590824693,0.9030450516415067,Positive,Spherical-shaped,Groups,1
0.6029169735886267,0.48619291790365904,Positive,Spherical-shaped,Pairs,0
2.7779954708607266,0.12426180481220786,Negative,Spherical-shaped,Singles,1
1.1574779537270983,0.9781017224302356,Positive,Spherical-shaped,Groups,2
0.9971128025167774,1.0671293814167035,Positive,Spherical-shaped,Groups,2
0.4758340651419021,0.448052828034635,Positive,Spherical-shaped,Pairs,0
2.0697545353401416,0.397914191451474,Negative,Rod-shaped,Singles,0
0.580428632264778,0.524999123645914,Positive,Spherical-shaped,Pairs,0
1.8169223003636936,0.3418402572236109,Negative,Rod-shaped,Singles,2
1.1074996684265093,1.0342762445374472,Positive,Spherical-shaped,Groups,2
0.923573313335449,0.9592100039675406,Positive,Spherical-shaped,Groups,0
0.5543590058513681,0.511549073770146,Positive,Spherical-shaped,Pairs,2
1.9503804464602628,0.3528918291290665,Negative,Rod-shaped,Singles,1
0.9364542002506941,0.9827334820727736,Positive,Spherical-shaped,Groups,2
0.6283292278943957,0.47532643869149466,Positive,Spherical-shaped,Pairs,1
2.0102271480017886,0.33539916033800443,Negative,Rod-shaped,Singles,1
1.9594919965536595,0.37019415732263955,Negative,Rod-shaped,Singles,0
2.179277173972985,0.3745868565828191,Negative,Rod-shaped,Singles,2
1.8830932515102519,0.2554888478347585,Negative,Rod-shaped,Singles,2
0.9736371088477601,1.0415075487564434,Positive,Spherical-shaped,Groups,2
1.8183558379081834,0.29681555168483653,Negative,Rod-shaped,Singles,0
0.4836786713526948,0.5275255298557531,Positive,Spherical-shaped,Pairs,2
1.130199768273937,1.0179515383776392,Positive,Spherical-shaped,Groups,0
1.07127290320877,0.9224384070012047,Positive,Spherical-shaped,Groups,0
0.6107295601575147,0.5443764156985144,Positive,Spherical-shaped,Pairs,2
1.0992818608479613,1.0041449319132711,Positive,Spherical-shaped,Groups,1
0.7693820743192349,0.4680953771790645,Positive,Spherical-shaped,Pairs,0
0.44747983270654224,0.44496041025638416,Positive,Spherical-shaped,Pairs,1
0.7946788632563846,0.5840576174026215,Positive,Spherical-shaped,Pairs,1
0.7744969330881257,0.4177120892894521,Positive,Spherical-shaped,Pairs,0
0.4766357419347349,0.5311041560985645,Positive,Spherical-shaped,Pairs,1
1.9762690899538722,0.24915947370981675,Negative,Rod-shaped,Singles,2
2.045613031109547,0.284900946235372,Negative,Rod-shaped,Singles,2
0.46132127858142247,0.4671734436397318,Positive,Spherical-shaped,Pairs,2
0.5000664527502325,0.5242744585770648,Positive,Spherical-shaped,Pairs,2
0.6163439682403008,0.4860547341023522,Positive,Spherical-shaped,Pairs,2
1.9344088455813486,0.23962754038414744,Negative,Rod-shaped,Singles,0
0.49292884751868105,0.49711997205757535,Positive,Spherical-shaped,Pairs,1
2.0778306611486643,0.27466225986573956,Negative,Rod-shaped,Singles,0
2.1506164579905858,0.3412895968076506,Negative,Rod-shaped,Singles,0
1.1515495196775076,1.048924208124051,Positive,Spherical-shaped,Groups,0
1.9436215230376366,0.2870770746230812,Negative,Rod-shaped,Singles,1
1.9114495729821512,0.2627170417384486,Negative,Rod-shaped,Singles,2
0.6056656031308378,0.5552888991117357,Positive,Spherical-shaped,Pairs,0
1.8015587515791942,0.3568604857411735,Negative,Rod-shaped,Singles,0
-2.042900854432218,0.20934281585898978,Negative,Rod-shaped,Singles,1
2.0985718176451607,0.2848437340629464,Negative,Rod-shaped,Singles,0
1.8637876247593361,0.21964928127283478,Negative,Rod-shaped,Singles,0
1.9728752146880737,0.29377746622109113,Negative,Rod-shaped,Singles,1
1.8850382603081868,0.280315364419338,Negative,Rod-shaped,Singles,1
0.42330853162637944,0.40088658682200373,Positive,Spherical-shaped,Pairs,2
0.593322198021018,0.41812089202869257,Positive,Spherical-shaped,Pairs,1
2.0137582848691813,0.37015069224581437,Negative,Rod-shaped,Singles,1
0.40555935412018074,0.530902583230057,Positive,Spherical-shaped,Pairs,0
1.0891156119345469,1.0863132026932303,Positive,Spherical-shaped,Groups,2
0.6328915383167223,0.45588463772115817,Positive,Spherical-shaped,Pairs,2
1.0891489014922642,0.9066779402857943,Positive,Spherical-shaped,Groups,2
0.6348941121700473,0.48165842790669255,Positive,Spherical-shaped,Pairs,2
0.6006983569356544,0.5327785245044294,Positive,Spherical-shaped,Pairs,2
0.9429046472835788,0.9038497086259225,Positive,Spherical-shaped,Groups,1
2.18034052639367,0.2245998079792739,Negative,Rod-shaped,Singles,2
1.1574659684563837,0.9461912164880382,Positive,Spherical-shaped,Groups,0
1.058437078819749,0.9717650778911404,Positive,Spherical-shaped,Groups,2
0.46205432795295764,0.49902402991331835,Positive,Spherical-shaped,Pairs,0
0.5405190328771543,0.4784800487351417,Positive,Spherical-shaped,Pairs,1
1.1159061895945177,1.0630740245674895,Positive,Spherical-shaped,Groups,0
0.42696934937428144,0.4389682513286982,Positive,Spherical-shaped,Pairs,2
0.49344701271371005,0.40407011437634405,Positive,Spherical-shaped,Pairs,1
2.1428734547535444,0.27353479037317635,Negative,Rod-shaped,Singles,1
1.1565890762757527,1.005990269476325,Positive,Spherical-shaped,Groups,0
0.9565000802881373,0.9107678600621029,Positive,Spherical-shaped,Groups,2
0.5372725629107182,0.4328119985948099,Positive,Spherical-shaped,Pairs,1
0.532918447227677,0.4564846750891554,Positive,Spherical-shaped,Pairs,1
0.4375461364154244,0.48452889106660496,Positive,Spherical-shaped,Pairs,0
2.0094283549888665,0.38637545011699487,Negative,Rod-shaped,Singles,2
0.6658895448420623,0.48784530508919594,Positive,Spherical-shaped,Pairs,0
1.073635601706578,0.9006569103346654,Positive,Spherical-shaped,Groups,2
1.1596418844937793,0.9097027541360891,Positive,Spherical-shaped,Groups,1
1.0579115210642913,0.9959472685271917,Positive,Spherical-shaped,Groups,2
2.1423468483659756,0.32030747765041934,Negative,Rod-shaped,Singles,2
1.8365561157121506,0.3834178098332252,Negative,Rod-shaped,Singles,2
1.0286299231375071,0.9929890240983625,Positive,Spherical-shaped,Groups,2
2.3310679434878194,0.23324282572382354,Negative,Spherical-shaped,Singles,1
1.143938603849848,0.9356564939731975,Positive,Spherical-shaped,Groups,1
2.0604410236054904,0.37421469999340806,Negative,Rod-shaped,Singles,2
0.5088175418694384,0.4561501681140999,Positive,Spherical-shaped,Pairs,1
0.7341198083926274,0.41011112312242864,Positive,Spherical-shaped,Pairs,0
1.0781405224943321,0.9777473373073982,Positive,Spherical-shaped,Groups,0
0.9991806655547153,1.098380226886313,Positive,Spherical-shaped,Groups,0
0.9540997206258132,1.0775048811431667,Positive,Spherical-shaped,Groups,2
0.6196762401715952,0.5108769225875607,Positive,Spherical-shaped,Pairs,0
0.5382788756846921,0.5482237677087203,Positive,Spherical-shaped,Pairs,0
1.1408474711738568,1.005329312641531,Positive,Spherical-shaped,Groups,2
1.1022894151017186,0.9724014973049925,Positive,Spherical-shaped,Groups,0
1.8153006115463786,0.36090039511874494,Negative,Rod-shaped,Singles,2
2.1106820494795393,0.3594422165920551,Negative,Rod-shaped,Singles,2
0.7145763901077943,0.5017086380093039,Positive,Spherical-shaped,Pairs,1
0.9312239140025792,1.0311615258007951,Positive,Spherical-shaped,Groups,2
2.111028530285374,0.3366247322614274,Negative,Rod-shaped,Singles,2
0.7188856331862966,0.5047466575183128,Positive,Spherical-shaped,Pairs,0
0.6709633269090596,0.47237873009276915,Positive,Spherical-shaped,Pairs,1
0.9162827633620737,1.036824067123697,Positive,Spherical-shaped,Groups,1
0.6040101155820229,0.5882674021212492,Positive,Spherical-shaped,Pairs,2
0.5789575502774466,0.5275254563538452,Positive,Spherical-shaped,Pairs,0
1.1577479914957411,0.9093164654453457,Positive,Spherical-shaped,Groups,2
0.9592935700365356,0.9205775352188632,Positive,Spherical-shaped,Groups,0
0.49207230043383676,0.5873033225605359,Positive,Spherical-shaped,Pairs,1
1.0090228708688922,1.097548260187999,Positive,Spherical-shaped,Groups,1
0.9971088347355889,1.0463977113426544,Positive,Spherical-shaped,Groups,2
0.6461474973105452,0.5059622623948975,Positive,Spherical-shaped,Pairs,1
2.071447440035102,0.23536892321603498,Negative,Rod-shaped,Singles,2
0.6669314450257748,0.5846798227657972,Positive,Spherical-shaped,Pairs,2
1.1226637668035337,1.0666048361030165,Positive,Spherical-shaped,Groups,0
1.9553695148088373,0.2934097994378782,Negative,Rod-shaped,Singles,1
0.9881650425358325,1.0596640223170213,Positive,Spherical-shaped,Groups,2
0.6578589089754974,0.46559256511435104,Positive,Spherical-shaped,Pairs,0
0.4122306458846224,0.43653280725409,Positive,Spherical-shaped,Pairs,1
1.9596896805658945,0.3293744809637912,Negative,Rod-shaped,Singles,0
1.9639344894327573,0.3157591251676029,Negative,Rod-shaped,Singles,1
1.849742819732568,0.34767986065049994,Negative,Rod-shaped,Singles,1
0.5827829266246985,0.5170653952535157,Positive,Spherical-shaped,Pairs,0
1.8352400355747567,0.27607506214540145,Negative,Rod-shaped,Singles,0
1.1581626224310964,1.0005220373679347,Positive,Spherical-shaped,Groups,2
1.8320993292404302,0.35736355405337866,Negative,Rod-shaped,Singles,0
0.6934054981058617,0.596268420152254,Positive,Spherical-shaped,Pairs,2
1.9954891394270033,0.21779621014088968,Negative,Rod-shaped,Singles,1
1.059349598168667,0.9866204357458801,Positive,Spherical-shaped,Groups,0
1.1519117082701125,1.0134476918671527,Positive,Spherical-shaped,Groups,0
0.45046740166174715,0.5654344362018235,Positive,Spherical-shaped,Pairs,0
0.4664299405709009,0.5342004020116029,Positive,Spherical-shaped,Pairs,2
1.9017939399464459,0.3978346196170167,Negative,Rod-shaped,Singles,1
0.4298543269608016,0.45477730825848955,Positive,Spherical-shaped,Pairs,1
0.4408783044172403,0.4626165076024009,Positive,Spherical-shaped,Pairs,2
1.845387478788648,0.30562487520363685,Negative,Rod-shaped,Singles,0
0.43167419611702873,0.4466943899699122,Positive,Spherical-shaped,Pairs,0
0.6823663222514788,0.5240490402518017,Positive,Spherical-shaped,Pairs,2
1.0603618992845254,1.0212898328434585,Positive,Spherical-shaped,Groups,2
0.9563093893063607,1.0364533231737623,Positive,Spherical-shaped,Groups,0
0.7616831295862859,0.5224147622120985,Positive,Spherical-shaped,Pairs,0
1.8119579865518898,0.38042829290092556,Negative,Rod-shaped,Singles,0
1.9279646966350177,0.29143944959923695,Negative,Rod-shaped,Singles,0
0.5894141389173293,0.43077746861373056,Positive,Spherical-shaped,Pairs,1
1.8731323738762065,0.21762689619611936,Negative,Rod-shaped,Singles,2
1.9577166896499882,0.3232428194782471,Negative,Rod-shaped,Singles,1
1.9446782783164624,0.27941463052719817,Negative,Rod-shaped,Singles,2
1.1417588951044457,1.0762003797247957,Positive,Spherical-shaped,Groups,0
1.8058072565648275,0.3135840715474439,Negative,Rod-shaped,Singles,2
0.4090362403525889,0.49767276291531554,Positive,Spherical-shaped,Pairs,0
0.9952533848227182,0.9655683825947998,Positive,Spherical-shaped,Groups,1
2.005808999963796,0.3827994962016541,Negative,Rod-shaped,Singles,2
1.881419284751758,0.26975690089694837,Negative,Rod-shaped,Singles,2
1.0879614429399702,0.9474770587943209,Positive,Spherical-shaped,Groups,2
1.159089922373499,0.9460431953627549,Positive,Spherical-shaped,Groups,1
1.14812508378457,0.9461633436588027,Positive,Spherical-shaped,Groups,0
1.88897828558334,0.3325885713302271,Negative,Rod-shaped,Singles,0
1.0953868116136698,1.0932704340895754,Positive,Spherical-shaped,Groups,0
1.908342241279699,0.20682419281175865,Negative,Rod-shaped,Singles,0
2.111249639612515,0.2363900450015605,Negative,Rod-shaped,Singles,1
2.0647365915121423,0.20977958800404914,Negative,Rod-shaped,Singles,2
0.580659844062239,0.45486707765236983,Positive,Spherical-shaped,Pairs,2
1.8895120617248709,0.3505144159533024,Negative,Rod-shaped,Singles,2
0.5694320332983356,0.5138791666063034,Positive,Spherical-shaped,Pairs,0
1.0528357740414767,0.9822352074527321,Positive,Spherical-shaped,Groups,0
2.034176335261974,0.3833225848054482,Negative,Rod-shaped,Singles,1
0.7392204544615912,0.42110851222672063,Positive,Spherical-shaped,Pairs,0
0.9636697005083827,1.0089044284456807,Positive,Spherical-shaped,Groups,1
0.5343748277157768,0.45029119030844666,Positive,Spherical-shaped,Pairs,0
0.626747318966074,0.5812754397012125,Positive,Spherical-shaped,Pairs,2
2.075019032546191,0.29008062035931953,Negative,Rod-shaped,Singles,1
2.1815183652843735,0.30815034430661314,Negative,Rod-shaped,Singles,2
1.001003370284441,1.092817821721846,Positive,Spherical-shaped,Groups,2
1.1617471255247502,0.9923129486066052,Positive,Spherical-shaped,Groups,0
1.0477446763023248,0.9482147522299796,Positive,Spherical-shaped,Groups,1
0.41720313001620046,0.40787968788525625,Positive,Spherical-shaped,Pairs,2
0.6148550073968833,0.5213284719225353,Positive,Spherical-shaped,Pairs,0
0.6381309418908971,0.5226397755535391,Positive,Spherical-shaped,Pairs,1
0.953558631125425,0.9953508813637177,Positive,Spherical-shaped,Groups,2
1.909037144666778,0.2386166959950977,Negative,Rod-shaped,Singles,1
1.0751756870054805,0.9035129644583838,Positive,Spherical-shaped,Groups,0
0.9656086050247028,0.9569149591697571,Positive,Spherical-shaped,Groups,1
0.409463248384227,0.49068595894344935,Positive,Spherical-shaped,Pairs,2
1.0137162562782729,1.0880068191326362,Positive,Spherical-shaped,Groups,0
1.1499025678032961,0.9766791126335617,Positive,Spherical-shaped,Groups,0
0.7937176864949519,0.5988389075372099,Positive,Spherical-shaped,Pairs,0
0.5083738396833459,0.5379791298358332,Positive,Spherical-shaped,Pairs,0
1.1597907638671612,0.9209560678853062,Positive,Spherical-shaped,Groups,2
1.0455540006721804,0.9438142412079417,Positive,Spherical-shaped,Groups,2
0.9271233304113373,-0.9333349234732735,Positive,Spherical-shaped,Groups,0
1.847143528491189,0.3190277831661115,Negative,Rod-shaped,Singles,0
1.9439855041644374,0.3984752058508176,Negative,Rod-shaped,Singles,1
2.912095888224889,0.27060572249469395,Negative,Spherical-shaped,Singles,0
1.1119033629937003,0.9835604025432068,Positive,Spherical-shaped,Groups,0
0.5976871039302014,0.49173224841473223,Positive,Spherical-shaped,Pairs,0
0.6160115567650902,0.5173732606922014,Positive,Spherical-shaped,Pairs,0
2.0431368787323607,0.23277184412281446,Negative,Rod-shaped,Singles,2
1.0808591505185055,0.9466463520606146,Positive,Spherical-shaped,Groups,2
1.1277814829832598,1.0041855921581155,Positive,Spherical-shaped,Groups,1
0.6071027609878101,0.40504640750632503,Positive,Spherical-shaped,Pairs,2
1.114471562529073,1.0784113951226608,Positive,Spherical-shaped,Groups,1
1.0139705628336662,1.001324077289423,Positive,Spherical-shaped,Groups,1
0.55462225822185,0.5140936304075495,Positive,Spherical-shaped,Pairs,1
0.9842950261949814,0.987411027931997,Positive,Spherical-shaped,Groups,0
0.44301960146510905,0.5616365948984763,Positive,Spherical-shaped,Pairs,1
2.0626708913394514,0.2390394732405918,Positive,Rod-shaped,Pairs,1
2.3137884419043164,0.23526686180573292,Negative,Spherical-shaped,Singles,0
1.0808122208273967,1.0715549250209024,Positive,Spherical-shaped,Groups,0
2.0154328236040646,0.2741806948418173,Negative,Spherical-shaped,Singles,0
2.0840056561996536,0.36795338942930045,Negative,Rod-shaped,Singles,0
0.9651107667530975,1.062939174393187,Positive,Spherical-shaped,Groups,1
1.0739630232392754,1.032813789886804,Positive,Spherical-shaped,Groups,2
1.12801522458845,0.9400937493729639,Positive,Spherical-shaped,Groups,2
1.8525867190344523,0.2954610028957731,Negative,Rod-shaped,Singles,0
0.660399157008223,0.554765811699192,Positive,Spherical-shaped,Pairs,1
2.279786653351538,0.10852405160166163,Negative,Spherical-shaped,Singles,0
2.0803390404025563,0.20738459512696403,Negative,Rod-shaped,Singles,0
0.975797714259826,0.9992945849571021,Positive,Spherical-shaped,Groups,0
2.07887748316384,0.31580461584073627,Negative,Rod-shaped,Singles,1
0.9375545453190116,0.939279382956883,Positive,Spherical-shaped,Groups,2
0.5859970841163353,0.5109650677058037,Positive,Spherical-shaped,Pairs,0
1.8053023867814586,0.3679454739131289,Negative,Rod-shaped,Singles,0
2.1440474011054134,0.2042501529573795,Negative,Rod-shaped,Singles,0
2.03019879005378,0.369201869092617,Negative,Rod-shaped,Singles,2
2.06773970313168,0.33988595883466854,Negative,Rod-shaped,Singles,2
1.97866091172578,0.25219692013575634,Negative,Rod-shaped,Singles,2
2.02054214196443,0.3053372590216541,Negative,Rod-shaped,Singles,0
0.7286501785480868,0.5954808364705914,Positive,Spherical-shaped,Pairs,0
0.5345291846249174,0.43140163621189564,Positive,Spherical-shaped,Pairs,2
1.8474020432126281,0.3600338383248791,Negative,Rod-shaped,Singles,2
0.4936405412886409,0.4217372885652116,Positive,Spherical-shaped,Pairs,0
1.8744366289284315,0.28616452169903756,Negative,Rod-shaped,Singles,0
1.1325425895118448,0.9570208015782062,Positive,Spherical-shaped,Groups,1
0.6385484199061421,0.5986541896287612,Positive,Spherical-shaped,Pairs,1
1.1059217405527433,0.9060169983442707,Positive,Spherical-shaped,Groups,1
1.9247340114240186,0.2720846674051276,Negative,Rod-shaped,Singles,1
0.7898201218073633,0.4914330875746863,Positive,Spherical-shaped,Pairs,1
0.7595371873095507,0.5461747143492951,Positive,Spherical-shaped,Pairs,0
1.123615116083837,1.0188249640666678,Positive,Spherical-shaped,Groups,0
0.6163469119964109,0.5752595073824233,Positive,Spherical-shaped,Pairs,1
1.8795717552220785,0.2213592663541644,Negative,Rod-shaped,Singles,0
0.479945484167801,0.46883729858679934,Positive,Spherical-shaped,Pairs,1
0.6796332007821151,0.4869056110065603,Positive,Spherical-shaped,Pairs,1
1.0517969250094201,0.9588682643912604,Positive,Spherical-shaped,Groups,0
1.0519755813356344,0.9154550393436529,Positive,Spherical-shaped,Groups,2
1.873655759079345,0.3407686086179166,Negative,Rod-shaped,Singles,0
1.1188032189465023,0.9073186216280472,Positive,Spherical-shaped,Groups,0
0.9975895807976901,0.9439269793709076,Positive,Spherical-shaped,Groups,1
0.9110892770082188,1.045314464458263,Positive,Spherical-shaped,Groups,1
0.9834695304193426,0.9082688519083271,Positive,Spherical-shaped,Groups,0
1.1153229737142356,0.9090249517659988,Positive,Spherical-shaped,Groups,0
2.0774215494170662,0.2067920654554356,Negative,Rod-shaped,Singles,0
0.5575914550860599,0.5941203780835264,Positive,Spherical-shaped,Pairs,2
0.6179198306551795,0.43644104546848994,Positive,Spherical-shaped,Pairs,2
0.6436761938735203,0.47662828705490023,Positive,Spherical-shaped,Pairs,1
2.15301514874166,0.30371697623148247,Negative,Rod-shaped,Singles,1
0.7103640089699651,0.4247210560346322,Positive,Spherical-shaped,Pairs,2
2.0780211193984846,0.22273739280176788,Negative,Rod-shaped,Singles,1
0.48557763804414494,0.42554943415670493,Positive,Spherical-shaped,Pairs,1
0.73046941389896,0.5289795106425369,Positive,Spherical-shaped,Pairs,1
2.1345487221861363,0.20457354511177248,Negative,Rod-shaped,Singles,2
0.7158714525562062,0.5553786975911289,Positive,Spherical-shaped,Pairs,0
0.9151408892073803,1.0083247507858728,Positive,Spherical-shaped,Groups,0
2.1227245484066914,0.2952445776248781,Negative,Rod-shaped,Singles,1
0.4681720780805325,0.5395108189046064,Positive,Spherical-shaped,Pairs,0
0.7974821492300003,0.4201552289856977,Positive,Spherical-shaped,Pairs,2
0.4782430954900285,0.5785271069986125,Positive,Spherical-shaped,Pairs,1
1.0132407487923827,1.0312816430382767,Positive,Spherical-shaped,Groups,2
2.0798496778335407,0.308312217499233,Negative,Rod-shaped,Singles,0
2.1628635652448187,0.2739945055642201,Negative,Rod-shaped,Singles,1
0.6347983106814861,0.4590612609666602,Positive,Spherical-shaped,Pairs,0
1.0343937345862482,0.9844584049397657,Positive,Spherical-shaped,Groups,2
0.734979529463874,0.5093259736597129,Positive,Spherical-shaped,Pairs,0
0.5265422091158697,0.5402989130388347,Positive,Spherical-shaped,Pairs,2
1.8446623249940812,0.3185661671032403,Negative,Rod-shaped,Singles,0
2.1790845665420857,0.3475358919014614,Negative,Rod-shaped,Singles,1
0.7563601829747519,0.4234123719542194,Positive,Spherical-shaped,Pairs,1
0.5303934972958968,0.5026734413831881,Positive,Spherical-shaped,Pairs,0
1.0924460635196076,0.9804478359841249,Positive,Spherical-shaped,Groups,1
0.524739997127266,0.4725813298723487,Positive,Spherical-shaped,Pairs,2
0.40241925151564834,0.46989369137634796,Positive,Spherical-shaped,Pairs,2
0.930058092023813,0.9379172393236396,Positive,Spherical-shaped,Groups,2
1.95085196128626,0.37030996160335483,Negative,Rod-shaped,Singles,0
2.119797999902447,0.23596920746112837,Negative,Rod-shaped,Singles,2
0.5116040661614134,0.46171576066611875,Positive,Spherical-shaped,Pairs,0
0.9386156996131111,1.011804194755669,Positive,Spherical-shaped,Groups,1
0.981652376426672,1.0634580660541277,Positive,Spherical-shaped,Groups,0
0.7365198855334502,0.5371835715878011,Positive,Spherical-shaped,Pairs,1
0.7857243773895751,0.5148428209207976,Positive,Spherical-shaped,Pairs,2
1.0759781791438514,0.937349355375453,Positive,Spherical-shaped,Groups,2
0.4096271300438102,0.5319947372954756,Positive,Spherical-shaped,Pairs,2
2.1987211398826405,0.3921994054516725,Negative,Rod-shaped,Singles,0
1.1010263770969213,1.0076477513363762,Positive,Spherical-shaped,Groups,2
1.1046400330958641,1.0512957814468924,Positive,Spherical-shaped,Groups,0
1.0099560503214347,0.9971506461610028,Positive,Spherical-shaped,Groups,0
0.6226380089557375,0.42688222269165355,Positive,Spherical-shaped,Pairs,1
1.9065211400031692,0.23132176000529506,Negative,Rod-shaped,Singles,1
2.1234205693928567,0.36640788658526036,Negative,Rod-shaped,Singles,1
1.8451892926413265,0.3331652523352183,Negative,Rod-shaped,Singles,1
1.8014333341146755,0.375719567583163,Negative,Rod-shaped,Singles,2
0.7375235940885195,0.401560144828041,Positive,Spherical-shaped,Pairs,0
1.0263882238230557,0.9561493670042581,Positive,Spherical-shaped,Groups,2
2.116859289297108,0.20331214805543132,Negative,Rod-shaped,Singles,2
2.071791574311521,0.31650817333266545,Negative,Rod-shaped,Singles,0
1.1108433136283913,0.9771487696646435,Positive,Spherical-shaped,Groups,0
1.0210581729588846,1.0719615150928594,Positive,Spherical-shaped,Groups,1
1.9868104009658523,0.201298920809343,Negative,Rod-shaped,Singles,0
1.100289205841439,1.0621429447260036,Positive,Spherical-shaped,Groups,1
0.615690514801126,0.582755051115871,Positive,Spherical-shaped,Pairs,1
2.027514308292345,0.2685600641875632,Negative,Rod-shaped,Singles,2
1.8494557374499265,0.22313810927048028,Negative,Rod-shaped,Singles,0
0.7715215286983607,0.45766584263618487,Positive,Spherical-shaped,Pairs,1
0.643905819152087,0.40156427948649315,Positive,Spherical-shaped,Pairs,1
1.9761270887012445,0.38939633406224994,Negative,Rod-shaped,Singles,0
0.7009846915104041,0.5234532399414384,Positive,Spherical-shaped,Pairs,2
1.0619117153196076,1.0760245488720221,Positive,Spherical-shaped,Groups,2
0.9699296012997034,1.0787858450831025,Positive,Spherical-shaped,Groups,0
0.9294148192777805,1.0885298219459494,Positive,Spherical-shaped,Groups,2
2.0632152396892973,0.3320779047399297,Negative,Rod-shaped,Singles,2
1.0124563568743519,1.0973729250951392,Positive,Spherical-shaped,Groups,1
1.9856242555958274,0.33122467977639924,Negative,Rod-shaped,Singles,2
0.9277974058096504,0.978081388795844,Positive,Spherical-shaped,Groups,0
0.7895247959323127,0.4315863205145274,Positive,Spherical-shaped,Pairs,0
0.5682256148899311,0.450486280598557,Positive,Spherical-shaped,Pairs,0
0.9343759660817916,0.9644394023868852,Positive,Spherical-shaped,Groups,2
2.040666286560254,0.3963367359818787,Negative,Rod-shaped,Singles,1
1.118208355312206,0.9705359574422578,Positive,Spherical-shaped,Groups,0
0.7723660781589681,0.5722945185706092,Positive,Spherical-shaped,Pairs,2
0.616555298550312,0.5851869878279944,Positive,Spherical-shaped,Pairs,0
0.6705223977364605,0.5575467571660951,Positive,Spherical-shaped,Pairs,2
2.018047999662702,0.28710074304154953,Negative,Rod-shaped,Singles,2
2.087785570036481,0.3801270708432836,Negative,Rod-shaped,Singles,2
0.49019613562066455,0.5055303714023893,Positive,Spherical-shaped,Pairs,2
0.745269246781858,0.40982380631882,Positive,Spherical-shaped,Pairs,2
0.6519669597739361,0.5241746269069253,Positive,Spherical-shaped,Pairs,1
0.5215800198806247,0.48346120933704173,Positive,Spherical-shaped,Pairs,2
0.6348435334085264,0.5633683961038973,Positive,Spherical-shaped,Pairs,2
1.0826872455633834,1.0319090831803055,Positive,Spherical-shaped,Groups,1
0.785704859909782,0.4913237621189374,Positive,Spherical-shaped,Pairs,1
1.093102724687666,1.0443226194918864,Positive,Spherical-shaped,Groups,1
1.156396311778646,1.0418486214203442,Positive,Spherical-shaped,Groups,2
0.48986453712917166,0.5352947510458206,Positive,Spherical-shaped,Pairs,2
1.9321833400517243,0.212510383685575,Positive,Rod-shaped,Pairs,2
0.4105532199988803,0.4756628077006352,Positive,Spherical-shaped,Pairs,1
1.0722064083710956,0.9955454101492175,Positive,Spherical-shaped,Groups,2
0.9630129466941552,1.0345943105861257,Positive,Spherical-shaped,Groups,1
1.9846717182539497,0.24753629349481854,Negative,Rod-shaped,Singles,2
2.179392184909974,0.24294739847687213,Positive,Rod-shaped,Pairs,0
1.015814279615285,1.0916284917939296,Positive,Spherical-shaped,Groups,2
0.5627016564069077,0.5595922329900006,Positive,Spherical-shaped,Pairs,0
2.1115232525133663,0.27960899552882557,Negative,Rod-shaped,Singles,0
0.6948807318333585,0.48332791609064346,Positive,Spherical-shaped,Pairs,1
1.141526118184598,1.0639251497073627,Positive,Spherical-shaped,Groups,1
0.44305828747016207,0.47121795988386056,Positive,Spherical-shaped,Pairs,2
0.6100795112394904,0.45669673516844567,Positive,Spherical-shaped,Pairs,2
0.7559451928226688,0.43410519410765813,Positive,Spherical-shaped,Pairs,2
0.6011596929974525,0.5738264421654492,Positive,Spherical-shaped,Pairs,2
1.870943800890805,0.21963838904178967,Negative,Rod-shaped,Singles,1
0.7216358486180295,0.5572322032522697,Positive,Spherical-shaped,Pairs,0
0.43994603338859734,0.45760962503462704,Positive,Spherical-shaped,Pairs,1
0.9476738074892089,1.0958579277797138,Positive,Spherical-shaped,Groups,1
2.108141855051223,0.38333438826342214,Negative,Rod-shaped,Singles,2
0.4370570329859662,0.4409476626850911,Positive,Spherical-shaped,Pairs,2
0.735193014969593,0.5539053811050739,Positive,Spherical-shaped,Pairs,0
0.6475247151017759,0.5651157570763866,Positive,Spherical-shaped,Pairs,0
1.9930940963141175,0.38937114381461047,Negative,Rod-shaped,Singles,0
0.6860130750165507,0.4245529181656722,Positive,Spherical-shaped,Pairs,0
1.1592490612656516,0.9594054449129844,Positive,Spherical-shaped,Groups,2
0.9120175162458152,1.0173673716924811,Positive,Spherical-shaped,Groups,2
0.6540322094273883,0.4554898068766781,Positive,Spherical-shaped,Pairs,0
0.5811939829150294,0.49837390039693635,Positive,Spherical-shaped,Pairs,0
0.7893230779916025,0.43455216446162925,Positive,Spherical-shaped,Pairs,2
0.5040708518523422,0.46403510808619053,Positive,Spherical-shaped,Pairs,0
1.113792526462761,0.9731127792674926,Positive,Spherical-shaped,Groups,1
0.7651378761677011,0.4574703020539489,Positive,Spherical-shaped,Pairs,2
0.9096119462784718,1.0920122718958623,Positive,Spherical-shaped,Groups,0
0.7249332286239921,0.507331743735854,Positive,Spherical-shaped,Pairs,2
1.1298794352311081,1.0889598335256692,Positive,Spherical-shaped,Groups,2
2.6732247580645248,0.25562577758809796,Negative,Spherical-shaped,Singles,2
1.8763088035746345,0.2958502436187536,Negative,Rod-shaped,Singles,0
2.556089267643126,0.12862745355768457,Negative,Spherical-shaped,Singles,1
0.5265764964204493,0.5855675454942553,Positive,Spherical-shaped,Pairs,2
0.9367026905351485,0.982214038051116,Positive,Spherical-shaped,Groups,1
1.842519064522538,0.26975225274386394,Negative,Rod-shaped,Singles,2
0.4956116991177791,0.5841740367218183,Positive,Spherical-shaped,Pairs,0
0.9489327336102608,0.9404144877464141,Positive,Spherical-shaped,Groups,1
0.7349146852960696,0.5283627889970485,Positive,Spherical-shaped,Pairs,2
0.5365049546488667,0.482612655065436,Positive,Spherical-shaped,Pairs,2
1.9843319703742432,0.21143001752909024,Negative,Rod-shaped,Singles,0
0.47931024615239926,0.48231906137374686,Positive,Spherical-shaped,Pairs,2
1.8679577363977031,0.39212290127144106,Negative,Rod-shaped,Singles,1
1.1428561438736253,0.9063506092348828,Positive,Spherical-shaped,Groups,0
2.0107484465629217,0.29223688829701955,Negative,Rod-shaped,Singles,0
0.6855556137548582,0.4247142533952247,Positive,Spherical-shaped,Pairs,1
0.5366765537235216,0.5758684262571059,Positive,Spherical-shaped,Pairs,0
1.766034156713801,0.28898296908440724,Positive,Rod-shaped,Pairs,2
2.0622836931308566,0.21075799978853174,Negative,Spherical-shaped,Singles,1
1.0338960643541597,0.9813820294346048,Positive,Spherical-shaped,Groups,0
0.6272527236660348,0.4070533595743959,Positive,Spherical-shaped,Pairs,0
0.49401603260552646,0.48190632947931134,Positive,Spherical-shaped,Pairs,1
0.9309812456460566,0.9940545293456408,Positive,Spherical-shaped,Groups,2
2.104763381542007,0.31510811936378164,Negative,Rod-shaped,Singles,0
1.0702539701939207,0.9853551047780604,Positive,Spherical-shaped,Groups,1
2.048840482482058,0.3262149036713651,Negative,Rod-shaped,Singles,0
0.400929760089652,0.5577306619476258,Positive,Spherical-shaped,Pairs,0
2.040464541453859,0.2502778982043185,Negative,Rod-shaped,Singles,2
2.0438111226984743,0.3163645758977102,Negative,Rod-shaped,Singles,2
1.1609218640934693,1.0036647474219615,Positive,Spherical-shaped,Groups,2
0.7687388898886166,0.548986477959146,Positive,Spherical-shaped,Pairs,1
1.161992890763691,1.077072073924162,Positive,Spherical-shaped,Groups,0
0.6907702186530862,0.477186080843395,Positive,Spherical-shaped,Pairs,1
0.5791307399804604,0.45965352946832444,Positive,Spherical-shaped,Pairs,0
2.0990164319020703,0.23172378879507735,Negative,Rod-shaped,Singles,2
0.6689985034599106,0.49991412449339157,Positive,Spherical-shaped,Pairs,0
0.6345669664595386,0.4928151960019302,Positive,Spherical-shaped,Pairs,2
1.1121311888353447,1.0417847280486912,Positive,Spherical-shaped,Groups,2
1.013102257767991,0.9077845289191918,Positive,Spherical-shaped,Groups,1
0.4188492443256331,0.5986976156038553,Positive,Spherical-shaped,Pairs,2
0.9960063287506666,0.9259165766473146,Positive,Spherical-shaped,Groups,0
0.9935348849216351,1.075486718210262,Positive,Spherical-shaped,Groups,1
0.4916246707764156,0.40231552496455036,Positive,Spherical-shaped,Pairs,2
1.1202310963404287,0.9510744288957149,Positive,Spherical-shaped,Groups,0
0.46945012498559885,0.5855448652361211,Positive,Spherical-shaped,Pairs,2
2.1525760389946846,0.2922763469495364,Negative,Rod-shaped,Singles,0
0.7825155757700437,0.4062940967966353,Positive,Spherical-shaped,Pairs,1
0.46450320904752784,0.5582225820920355,Positive,Spherical-shaped,Pairs,2
0.976561142273964,1.0219983053300348,Positive,Spherical-shaped,Groups,2
2.044724911618986,0.24308055999047784,Negative,Rod-shaped,Singles,1
0.6255108837712682,0.4635157095172117,Positive,Spherical-shaped,Pairs,1
1.8126277957650447,0.2773598580079714,Negative,Rod-shaped,Singles,1
0.9752706736808664,1.0067029033642971,Positive,Spherical-shaped,Groups,0
0.6976408596495292,0.5139909429382499,Positive,Spherical-shaped,Pairs,0
0.4868931768230351,0.5486993952598963,Positive,Spherical-shaped,Pairs,1
2.156001386502875,0.3383416441246915,Negative,Rod-shaped,Singles,0
0.9827389407879019,1.0098989463849761,Positive,Spherical-shaped,Groups,0
0.6569421923439749,0.4758204128742548,Positive,Spherical-shaped,Pairs,0
1.95875049797588,0.30228365320000583,Negative,Rod-shaped,Singles,1
1.1487105679990746,0.9448912579337023,Positive,Spherical-shaped,Groups,2
0.9023966403093234,1.012542846707711,Positive,Spherical-shaped,Groups,0
0.9252184730162705,0.973366544662262,Positive,Spherical-shaped,Groups,0
1.027438640162115,0.9575079895605669,Positive,Spherical-shaped,Groups,0
-0.7743085802403898,0.595252950425156,Positive,Spherical-shaped,Pairs,2
1.1000026908611362,1.0909126680456014,Positive,Spherical-shaped,Groups,0
1.9321884898147141,0.3016793816072052,Negative,Rod-shaped,Singles,0
2.893925193832992,0.14572242939033433,Negative,Spherical-shaped,Singles,2
1.8742056617071197,0.22410235888292307,Negative,Rod-shaped,Singles,1
1.0242198498330788,0.9124355521737791,Positive,Spherical-shaped,Groups,2
1.1496497392203302,0.9412787344060124,Positive,Spherical-shaped,Groups,0
1.0921716835336186,1.020541467459369,Positive,Spherical-shaped,Groups,0
0.9386542853002975,1.0043599560944745,Positive,Spherical-shaped,Groups,0
1.9332415432622354,0.2596597379583992,Negative,Rod-shaped,Singles,1
1.8996112037999955,0.364967670416632,Positive,Rod-shaped,Pairs,2
2.0471927863751493,0.2876864437009093,Negative,Rod-shaped,Singles,0
0.6933905922921886,0.5596363900346817,Positive,Spherical-shaped,Pairs,2
2.1728180440700573,0.3270216045565403,Negative,Rod-shaped,Singles,0
2.0276117013638073,0.22807013207713392,Negative,Rod-shaped,Singles,0
0.7580187746289175,0.5248949389831957,Positive,Spherical-shaped,Pairs,0
1.105949874604061,0.9098813116223828,Positive,Spherical-shaped,Groups,2
1.8898562326779826,0.2845663665501252,Negative,Rod-shaped,Singles,1
0.5580051975226166,0.4738617046961564,Positive,Spherical-shaped,Pairs,2
0.5837420522467209,0.4740850191693364,Positive,Spherical-shaped,Pairs,0
0.9970454258602757,0.9105023650167753,Positive,Spherical-shaped,Groups,2
1.9447759651400987,0.26010770272706163,Negative,Rod-shaped,Singles,2
1.8950952068117235,0.24712649796113983,Negative,Rod-shaped,Singles,2
2.1897796687862208,0.24043435838959223,Negative,Rod-shaped,Singles,2
1.9114563592041103,0.2259012767850528,Negative,Rod-shaped,Singles,2
0.42568012360860824,0.5573916719950914,Positive,Spherical-shaped,Pairs,2
1.1679227815752702,0.9723136768908625,Positive,Spherical-shaped,Groups,2
0.5185874690584906,0.4879616692301447,Positive,Spherical-shaped,Pairs,0
0.944336949328663,0.9496820148049999,Positive,Spherical-shaped,Groups,0
2.082157150742219,0.3115779673679138,Negative,Rod-shaped,Singles,0
3.0909828736468494,0.2554511583789819,Negative,Spherical-shaped,Singles,2
0.9660254305215743,1.0677795067670757,Positive,Spherical-shaped,Groups,0
2.021925534017238,0.34748932652531783,Negative,Rod-shaped,Singles,1
2.0072027388330325,0.29229079714466843,Negative,Rod-shaped,Singles,2
1.9850606719653126,0.29448733272025984,Negative,Rod-shaped,Singles,1
0.518796761419704,0.5506751467660295,Positive,Spherical-shaped,Pairs,1
1.1501461662367394,0.9148045930588325,Positive,Spherical-shaped,Groups,2
0.986350982068739,0.9506810183088206,Positive,Spherical-shaped,Groups,1
0.942555816588054,0.9269059023957843,Positive,Spherical-shaped,Groups,2
0.48793384867177536,0.5228811326296081,Positive,Spherical-shaped,Pairs,1
2.635405632085556,0.18842634866089192,Negative,Spherical-shaped,Singles,2
0.4086516440587886,0.5464454400032757,Positive,Spherical-shaped,Pairs,1
0.6861451155581964,0.5875830572833514,Positive,Spherical-shaped,Pairs,2
0.6157118047933465,0.45996295056740005,Positive,Spherical-shaped,Pairs,1
1.9424776671254735,0.24660540387368915,Negative,Rod-shaped,Singles,2
0.9131905926363505,1.0402129205175052,Positive,Spherical-shaped,Groups,2
1.1491557284021383,1.0569998930658784,Positive,Spherical-shaped,Groups,2
1.8313929109754785,0.2224320490217,Negative,Rod-shaped,Singles,2
3.011496304779178,0.23816965245542496,Negative,Spherical-shaped,Singles,1
1.9224228313379128,0.20111018958084492,Negative,Rod-shaped,Singles,2
0.462052726255724,0.47447238335922304,Positive,Spherical-shaped,Pairs,1
0.9081406627803925,0.9650218472633648,Positive,Spherical-shaped,Groups,1
0.9403106359231235,1.0033029375272846,Positive,Spherical-shaped,Groups,2
2.273548905255321,0.17529332017933297,Negative,Spherical-shaped,Singles,2
0.5060148742674094,0.43791832639354467,Positive,Spherical-shaped,Pairs,1
0.7074295715567375,0.5205164673676828,Positive,Spherical-shaped,Pairs,0
0.696072847098935,0.405791948018218,Positive,Spherical-shaped,Pairs,1
1.1161791006723305,1.0508472075556001,Positive,Spherical-shaped,Groups,0
1.0598138873620093,1.052719437583518,Positive,Spherical-shaped,Groups,1
0.9473087195112184,0.9354406123457754,Positive,Spherical-shaped,Groups,0
1.1598503148238397,0.9814411104013029,Positive,Spherical-shaped,Groups,2
1.0753569236205918,1.0590874930399912,Positive,Spherical-shaped,Groups,2
0.6343025145619603,0.5638580558986729,Positive,Spherical-shaped,Pairs,0
1.8730388796405275,0.29792689943993506,Negative,Rod-shaped,Singles,0
2.1301720440856613,0.23034247186337534,Negative,Rod-shaped,Singles,0
0.47531437429244894,0.5016446532103244,Positive,Spherical-shaped,Pairs,2
0.42416284645962715,0.4799554866614487,Positive,Spherical-shaped,Pairs,1
0.6917264033848669,0.5372585473428795,Positive,Spherical-shaped,Pairs,1
2.116000043147158,0.38791247914782806,Negative,Rod-shaped,Singles,2
0.6029530743701766,0.5170580962939825,Positive,Spherical-shaped,Pairs,0
1.814388336019255,0.38604643362507685,Negative,Rod-shaped,Singles,2
2.1075678408880263,0.26199532062990283,Negative,Rod-shaped,Singles,2
0.5271031907511179,0.5156070728990403,Positive,Spherical-shaped,Pairs,0
2.03678690318718,0.22479670374360552,Negative,Rod-shaped,Singles,2
1.6569362361019233,0.2739075308398923,Positive,Rod-shaped,Pairs,2
2.0570101060409187,0.21380516831565793,Positive,Rod-shaped,Pairs,0
0.7878056831773883,0.5444720171716615,Positive,Spherical-shaped,Pairs,0
1.913541114686331,0.2678195015746857,Negative,Rod-shaped,Singles,0
1.85494337822051,0.3621766067362076,Negative,Rod-shaped,Singles,1
1.1685514597138131,0.9223753774848045,Positive,Spherical-shaped,Groups,1
1.958695992716977,0.3423734332668932,Negative,Rod-shaped,Singles,0
1.0244633018162093,0.9675856391620867,Positive,Spherical-shaped,Groups,1
2.6231587455869967,0.24348512751186002,Negative,Spherical-shaped,Singles,2
1.0921144040454362,1.0678024401179804,Positive,Spherical-shaped,Groups,2
1.9861744691208423,0.25435438592600185,Negative,Rod-shaped,Singles,1
0.6242220486803739,0.5701633354996679,Positive,Spherical-shaped,Pairs,1
0.44427296201838734,0.4246558258209406,Positive,Spherical-shaped,Pairs,1
1.1449419765232038,0.981701932952357,Positive,Spherical-shaped,Groups,2
1.0677854194509704,0.9182860982602704,Positive,Spherical-shaped,Groups,2
0.5585552215980724,0.4900686541496511,Positive,Spherical-shaped,Pairs,0
0.9835094154581132,0.9459949695070674,Positive,Spherical-shaped,Groups,1
0.4631579076972623,0.5806242005562297,Positive,Spherical-shaped,Pairs,1
0.7390571874068631,0.4769630504771393,Positive,Spherical-shaped,Pairs,2
2.1095114620240114,0.21623714763538227,Negative,Rod-shaped,Singles,2
1.1640177034142165,0.9501132968981557,Positive,Spherical-shaped,Groups,0
0.4472872186666184,0.5882877275190548,Positive,Spherical-shaped,Pairs,1
0.7348090233979048,0.5169077638446009,Positive,Spherical-shaped,Pairs,0
1.0361554999119198,0.99642987174773,Positive,Spherical-shaped,Groups,0
0.9179876502632447,0.9146871782101154,Positive,Spherical-shaped,Groups,2
0.9310352105034359,1.0919410360618524,Positive,Spherical-shaped,Groups,1
0.9965600549798306,0.9484319821714836,Positive,Spherical-shaped,Groups,0
0.44857499603258083,0.5073897283502955,Positive,Spherical-shaped,Pairs,1
1.9273735419978228,0.267705497698435,Negative,Rod-shaped,Singles,1
0.9089861666996868,1.0921246959017656,Positive,Spherical-shaped,Groups,0
0.9242862860086152,1.0748809276340239,Positive,Spherical-shaped,Groups,0
0.760854389300674,0.43626757577540165,Positive,Spherical-shaped,Pairs,1
2.004837188261283,0.2850286171798254,Negative,Rod-shaped,Singles,2
0.6547211381969464,0.4037091326555337,Positive,Spherical-shaped,Pairs,0
0.9317161602770482,0.911461603397966,Positive,Spherical-shaped,Groups,0
2.102537617175364,0.2293983184506661,Negative,Rod-shaped,Singles,1
0.5996552632842743,0.5228645790040785,Positive,Spherical-shaped,Pairs,2
0.5060193869039092,0.5486788675100112,Positive,Spherical-shaped,Pairs,2
1.0375541342757901,0.957184939379802,Positive,Spherical-shaped,Groups,1
1.8476749243347341,0.3858087298128441,Negative,Rod-shaped,Singles,0
0.729960349315877,0.4480123890740984,Positive,Spherical-shaped,Pairs,0
0.44781822966028284,0.44867064685603825,Positive,Spherical-shaped,Pairs,0
0.5233950083141109,0.5123020939781796,Positive,Spherical-shaped,Pairs,0
1.849414399485881,0.36778871503139066,Negative,Rod-shaped,Singles,0
0.43702754131480687,0.42300869788713646,Positive,Spherical-shaped,Pairs,1
1.8437970753627557,0.35739907124598697,Negative,Rod-shaped,Singles,2
0.9891381350814596,0.9853140962986531,Positive,Spherical-shaped,Groups,0
1.0105449287257233,0.902409731581048,Positive,Spherical-shaped,Groups,0
1.0574894469608649,0.968196445049617,Positive,Spherical-shaped,Groups,0
2.468120182431446,0.11307901958248397,Negative,Spherical-shaped,Singles,1
2.7814353303108654,0.26452535135368194,Negative,Spherical-shaped,Singles,0
1.0673553341901032,0.9599054385143555,Positive,Spherical-shaped,Groups,2
0.9891315081476898,0.985733530511415,Positive,Spherical-shaped,Groups,2
1.1693873820315661,0.9028487446719903,Positive,Spherical-shaped,Groups,1
0.9674764670878615,1.0915342344784946,Positive,Spherical-shaped,Groups,0
1.0058075629976562,1.0388008781164244,Positive,Spherical-shaped,Groups,1
1.938013880576841,0.3704554919252587,Negative,Rod-shaped,Singles,2
0.46261350588470856,0.49426128236299177,Positive,Spherical-shaped,Pairs,2
0.9956071717925823,1.0267986983273627,Positive,Spherical-shaped,Groups,0
0.41980910415179884,0.4038071500785998,Positive,Spherical-shaped,Pairs,0
0.9074281367506329,0.9002747881726649,Positive,Spherical-shaped,Groups,0
1.0493601652819713,0.9670414516123086,Positive,Spherical-shaped,Groups,2
1.14136418063376,0.9147966094841193,Positive,Spherical-shaped,Groups,0
0.45758905544404976,0.5537486846566004,Positive,Spherical-shaped,Pairs,1
1.002592813935616,0.9529350290337055,Positive,Spherical-shaped,Groups,1
1.1031958815159464,1.0085015350615016,Positive,Spherical-shaped,Groups,0
1.9331320282543933,0.33634092889782785,Negative,Rod-shaped,Singles,2
1.121108204786995,0.9344132381078142,Positive,Spherical-shaped,Groups,0
1.1088886955481543,0.9345537903339793,Positive,Spherical-shaped,Groups,1
1.0811372484183077,0.9596084868179653,Positive,Spherical-shaped,Groups,0
1.014647252381562,1.0274683421053614,Positive,Spherical-shaped,Groups,1
0.9879276031164115,0.9909017003978893,Positive,Spherical-shaped,Groups,1
1.0185163385084608,0.9937102686803896,Positive,Spherical-shaped,Groups,0
1.3722552510823638,0.34950940413099396,Positive,Rod-shaped,Pairs,0
1.9725106989375858,0.2215965707907143,Negative,Rod-shaped,Singles,1
0.40390128663085745,0.5960425854988026,Positive,Spherical-shaped,Pairs,1
2.0881517542113444,0.34068754263282797,Negative,Rod-shaped,Singles,2
0.9455896674185115,0.9311559648176778,Positive,Spherical-shaped,Groups,0
0.7313068436037399,0.43147426053039734,Positive,Spherical-shaped,Pairs,0
0.6531178711030211,0.4344743232181262,Positive,Spherical-shaped,Pairs,2
2.044427430033009,0.3751148360775791,Negative,Rod-shaped,Singles,0
1.0517753410630521,1.0691253742378566,Positive,Spherical-shaped,Groups,2
1.078407507140768,0.9664172366618373,Positive,Spherical-shaped,Groups,2
2.0204225116969377,0.37385096964966363,Negative,Rod-shaped,Singles,2
0.7425031232703726,0.5195614619121558,Positive,Spherical-shaped,Pairs,1
2.0963461811909845,0.2521462110225313,Negative,Rod-shaped,Singles,1
0.7851232022415011,0.5885191079941849,Positive,Spherical-shaped,Pairs,2
2.3413589455253607,0.13313997216604503,Negative,Spherical-shaped,Singles,2
0.9392672599093712,0.9616415167598037,Positive,Spherical-shaped,Groups,1
0.5024087506618367,0.5069862931378106,Positive,Spherical-shaped,Pairs,1
1.0670030771633974,1.0630053908575043,Positive,Spherical-shaped,Groups,2
2.190422551254488,0.26401461400173415,Negative,Rod-shaped,Singles,0
1.108831110004693,0.978654003437229,Positive,Spherical-shaped,Groups,2
0.7115989768068517,0.4666752102863712,Positive,Spherical-shaped,Pairs,2
0.7914482805522112,0.5327095941211045,Positive,Spherical-shaped,Pairs,2
2.0256623034581462,0.3728853772221645,Negative,Rod-shaped,Singles,0
0.7219422690513062,0.5802438892376631,Positive,Spherical-shaped,Pairs,1
0.7995393096298924,0.5148595016138301,Positive,Spherical-shaped,Pairs,2
1.0776374907755137,1.0951008561904512,Positive,Spherical-shaped,Groups,0
1.6349200529879617,0.3756061989506257,Positive,Rod-shaped,Pairs,1
0.9956191597487368,1.0941112339961332,Positive,Spherical-shaped,Groups,2
0.9272078307005984,1.0957281694502925,Positive,Spherical-shaped,Groups,2
2.072849698839095,0.32088681181256645,Negative,Rod-shaped,Singles,0
1.1160501361046997,0.9867252767461935,Positive,Spherical-shaped,Groups,1
0.49388847703398525,0.5738943278010395,Positive,Spherical-shaped,Pairs,0
1.9940958820462058,0.23401747749363253,Negative,Rod-shaped,Singles,0
2.188186338265386,0.2327145217587496,Negative,Rod-shaped,Singles,1
1.0844925114840949,1.0216491048764698,Positive,Spherical-shaped,Groups,1
1.8000737726163092,0.36056510845010703,Negative,Rod-shaped,Singles,1
0.5650291726190231,0.5722406354405258,Positive,Spherical-shaped,Pairs,2
0.6440236549582085,0.5408727104924895,Positive,Spherical-shaped,Pairs,0
0.9219490810984536,1.08281544342897,Positive,Spherical-shaped,Groups,2
1.0271802223928002,1.0558888351837057,Positive,Spherical-shaped,Groups,0
2.0553796565311617,0.25314394173493987,Negative,Rod-shaped,Singles,2
1.0178340761430913,0.9187126461988732,Positive,Spherical-shaped,Groups,2
2.141959609917675,0.33066036221772044,Negative,Rod-shaped,Singles,0
0.7139906822145651,0.5835968700885392,Positive,Spherical-shaped,Pairs,0
1.0410167165272388,0.9524032950373911,Positive,Spherical-shaped,Groups,0
0.916208929336964,0.9173461670383002,Positive,Spherical-shaped,Groups,0
0.9492600369584521,0.9899974009767638,Positive,Spherical-shaped,Groups,1
1.009328709514062,1.0200629689833893,Positive,Spherical-shaped,Groups,1
0.5101739720057011,0.4349682455647958,Positive,Spherical-shaped,Pairs,0
2.143546815723565,0.27848163286013744,Negative,Rod-shaped,Singles,1
1.056376561747234,0.954136842457227,Positive,Spherical-shaped,Groups,1
0.9131067131680244,0.911753995594934,Positive,Spherical-shaped,Groups,1
0.5550451674945689,0.4323526689428378,Positive,Spherical-shaped,Pairs,0
0.9972466367044595,0.9585727130719878,Positive,Spherical-shaped,Groups,0
1.8224276721312982,0.3713325709371035,Negative,Rod-shaped,Singles,2
1.949834498719816,0.20994428334639248,Negative,Rod-shaped,Singles,0
2.1599622743228366,0.20528610736348063,Negative,Rod-shaped,Singles,2
1.1628637010950689,0.9691495616217531,Positive,Spherical-shaped,Groups,2
1.9960365950522612,0.37223187027005944,Negative,Rod-shaped,Singles,0
1.9261991382059633,0.21971734312805258,Negative,Rod-shaped,Singles,0
1.0002727600986394,1.0054915043348276,Positive,Spherical-shaped,Groups,0
2.194612004092269,0.23712648804930953,Negative,Rod-shaped,Singles,1
0.6243466574574814,0.5688871954637347,Positive,Spherical-shaped,Pairs,2
2.1256835626867785,0.24519306386469142,Negative,Rod-shaped,Singles,0
0.7166503676100969,0.4959644754884953,Positive,Spherical-shaped,Pairs,2
1.1091207752699317,0.9374126801489666,Positive,Spherical-shaped,Groups,0
1.8780362254197367,0.344182353563813,Negative,Rod-shaped,Singles,0
1.009409372533479,1.0817962276612603,Positive,Spherical-shaped,Groups,0
0.7175693748394925,0.5284867154881712,Positive,Spherical-shaped,Pairs,0
1.145029256902673,1.0371169846904649,Positive,Spherical-shaped,Groups,2
1.9262572164178144,0.3505529824545628,Negative,Rod-shaped,Singles,1
0.6387330029428779,0.4392541354640192,Positive,Spherical-shaped,Pairs,2
0.4343860168979649,0.42499038768197794,Positive,Spherical-shaped,Pairs,2
1.080340242089738,1.0866411689851154,Positive,Spherical-shaped,Groups,0
0.9303910383072982,0.9992154499307095,Positive,Spherical-shaped,Groups,2
0.7556167235187605,0.4628803635281208,Positive,Spherical-shaped,Pairs,2
2.1715705150224824,0.30312475175729003,Negative,Rod-shaped,Singles,1
0.6477544944046913,0.5089203010452414,Positive,Spherical-shaped,Pairs,1
0.938599118105672,1.0989260973814168,Positive,Spherical-shaped,Groups,1
0.6210602518364954,0.5417176066933481,Positive,Spherical-shaped,Pairs,1
1.8477421208557303,0.28775870566760425,Negative,Rod-shaped,Singles,1
0.6613541431698435,0.40534470997502653,Positive,Spherical-shaped,Pairs,2
1.9708233306168166,0.2778542883641158,Negative,Rod-shaped,Singles,0
1.0151233907408221,1.0745660645657897,Positive,Spherical-shaped,Groups,0
1.040167479340334,0.9667055796480218,Positive,Spherical-shaped,Groups,2
0.9133487270542033,1.0312553629111596,Positive,Spherical-shaped,Groups,0
1.8148750461697887,0.33809704437198185,Negative,Rod-shaped,Singles,1
0.9325757028977566,1.0991122242055247,Positive,Spherical-shaped,Groups,2
1.0097149021463734,1.0992313963118499,Positive,Spherical-shaped,Groups,0
0.9641366577582104,1.0582025631615628,Positive,Spherical-shaped,Groups,1
1.037297245406509,0.9491844154213857,Positive,Spherical-shaped,Groups,0
1.1331745401134685,1.0746343587657272,Positive,Spherical-shaped,Groups,1
1.075794630959238,0.9286952040231784,Positive,Spherical-shaped,Groups,1
1.8366381955935807,0.2718814915479749,Negative,Rod-shaped,Singles,2
0.4791013263547928,0.48194805615415426,Positive,Spherical-shaped,Pairs,1
0.556331373444847,0.5347934632263522,Positive,Spherical-shaped,Pairs,1
0.9602739306483227,1.075303219108279,Positive,Spherical-shaped,Groups,0
0.5651726074386049,0.4530178784521646,Positive,Spherical-shaped,Pairs,1
0.5933365107182904,0.4354569640757143,Positive,Spherical-shaped,Pairs,1
0.5488808535542202,0.404210335326052,Positive,Spherical-shaped,Pairs,2
1.1698793403201067,1.0902341896446914,Positive,Spherical-shaped,Groups,2
1.078822379960429,1.0835945276063053,Positive,Spherical-shaped,Groups,0
0.6199499958344196,0.5642939173389898,Positive,Spherical-shaped,Pairs,1
0.9180772537633758,1.0159272873544647,Positive,Spherical-shaped,Groups,1
0.5856056966407726,0.5374428729851217,Positive,Spherical-shaped,Pairs,2
1.081147356030176,1.0794327742058962,Positive,Spherical-shaped,Groups,0
0.6316034660042587,0.45391364228967057,Positive,Spherical-shaped,Pairs,1
1.957600222971048,0.3234819556912358,Negative,Rod-shaped,Singles,0
2.131975418667083,0.2418004316430665,Negative,Rod-shaped,Singles,0
1.0415200088713419,0.9767048044549894,Positive,Spherical-shaped,Groups,1
1.923588847217585,0.2130531417170286,Negative,Rod-shaped,Singles,0
0.6267884451823573,0.49766299581034307,Positive,Spherical-shaped,Pairs,2
0.4186539711259818,0.5536022847860708,Positive,Spherical-shaped,Pairs,0
2.045388718798021,0.38149035624149974,Negative,Rod-shaped,Singles,0
1.0295084070402267,0.9788416819070223,Positive,Spherical-shaped,Groups,2
1.018652959162348,0.9820957292845008,Positive,Spherical-shaped,Groups,1
0.5980066894546758,0.43476829229343916,Positive,Spherical-shaped,Pairs,1
1.1206522038237396,1.0392726885668857,Positive,Spherical-shaped,Groups,2
0.5403380971342965,0.4585261965814874,Positive,Spherical-shaped,Pairs,2
2.938014684791482,0.25076264684172056,Negative,Spherical-shaped,Singles,1
1.0595292548790054,1.0206058766992678,Positive,Spherical-shaped,Groups,2
0.45921774501277435,0.40527206193958326,Positive,Spherical-shaped,Pairs,2
2.1455823103529013,0.32442513713141646,Negative,Rod-shaped,Singles,2
0.9721617210975273,1.0123528974548306,Positive,Spherical-shaped,Groups,2
1.9393795022329277,0.28233079404070627,Negative,Rod-shaped,Singles,2
1.104739143974604,1.0766621449160223,Positive,Spherical-shaped,Groups,1
0.5434423767867378,0.5642918373515838,Positive,Spherical-shaped,Pairs,2
1.1424636222949003,1.0524676154402477,Positive,Spherical-shaped,Groups,1
0.9327864832468195,1.0474589767276248,Positive,Spherical-shaped,Groups,2
1.9723061043854977,0.33605178059189583,Negative,Rod-shaped,Singles,2
1.0785234500386618,1.0955574549077698,Positive,Spherical-shaped,Groups,0
1.8341586881966319,0.27241721294793847,Negative,Rod-shaped,Singles,1
0.7447604451509536,0.5590976493425015,Positive,Spherical-shaped,Pairs,0
1.1334637271419363,0.9046440987768548,Positive,Spherical-shaped,Groups,1
1.8573922210304772,0.33361883013241334,Negative,Rod-shaped,Singles,1
1.086823892826338,0.9061232619360438,Positive,Spherical-shaped,Groups,2
0.988960421470598,0.9226501820316817,Positive,Spherical-shaped,Groups,0
0.6163762230176714,0.4153608246455297,Positive,Spherical-shaped,Pairs,1
0.6579273981366907,0.4760684561528832,Positive,Spherical-shaped,Pairs,1
2.070571457209646,0.3924462829400804,Negative,Rod-shaped,Singles,0
1.0405593374919302,0.9879379998840563,Positive,Spherical-shaped,Groups,2
0.559701205775495,0.49389246041097135,Positive,Spherical-shaped,Pairs,1
0.46594233104644095,0.5801357476688214,Positive,Spherical-shaped,Pairs,0
1.9371917377746108,0.30523909429297186,Negative,Rod-shaped,Singles,0
1.063142163026703,1.0899107530395231,Positive,Spherical-shaped,Groups,0
1.0969053578544397,0.9387872343476609,Positive,Spherical-shaped,Groups,2
0.9520995395103347,1.0211931384759196,Positive,Spherical-shaped,Groups,1
0.434521392656161,0.597108497469961,Positive,Spherical-shaped,Pairs,2
0.5832286202486935,0.5968626708380101,Positive,Spherical-shaped,Pairs,2
0.40756966160668684,0.43459521892253744,Positive,Spherical-shaped,Pairs,0
1.878150161750496,0.24084053981626752,Negative,Rod-shaped,Singles,0
0.9814113735097246,0.9054746836753005,Positive,Spherical-shaped,Groups,0
1.0113092191539303,1.0890374589994003,Positive,Spherical-shaped,Groups,0
0.7285738419054898,0.4165588421657908,Positive,Spherical-shaped,Pairs,1
2.0846048528041154,0.20135232371822676,Negative,Rod-shaped,Singles,2
